{
  "project_info": {
    "project_number": "48146219370",
    "project_id": "foreststory-390cf",
    "storage_bucket": "foreststory-390cf.appspot.com"
  },
  "client": [
    {
      "client_info": {
        "mobilesdk_app_id": "1:48146219370:android:f47fb3f9cf9096d516a513",
        "android_client_info": {
          "package_name": "com.greenstory.foreststory"
        }
      },
      "oauth_client": [
        {
          "client_id": "48146219370-63celfcruhqqiiedqanjucgj6c7m307k.apps.googleusercontent.com",
          "client_type": 1,
          "android_info": {
            "package_name": "com.greenstory.foreststory",
            "certificate_hash": "d2dcac2d2ff701125b389a0295d86587f6cc7750"
          }
        },
        {
          "client_id": "48146219370-dcsu5rc3mnl6qjq1hll5v16e2349kkdg.apps.googleusercontent.com",
          "client_type": 3
        }
      ],
      "api_key": [
        {
          "current_key": "AIzaSyAoCIvZQWX8M43IzV-az1qP_k3bLG4aouA"
        }
      ],
      "services": {
        "appinvite_service": {
          "other_platform_oauth_client": [
            {
              "client_id": "48146219370-dcsu5rc3mnl6qjq1hll5v16e2349kkdg.apps.googleusercontent.com",
              "client_type": 3
            }
          ]
        }
      }
    }
  ],
  "configuration_version": "1"
}